<?xml version="1.0" encoding="utf-8" ?>
<dwsync>
<file name="default_thumb.png" server="ftp.depaul.edu.in//dignito.depaul.edu.in/" local="131294656450275488" remote="131554101000000000" Dst="0" />
<file name="loader.gif" server="ftp.depaul.edu.in//dignito.depaul.edu.in/" local="131294656438157381" remote="131554101000000000" Dst="0" />
<file name="sprite.png" server="ftp.depaul.edu.in//dignito.depaul.edu.in/" local="131294656437877187" remote="131554101000000000" Dst="0" />
<file name="sprite_next.png" server="ftp.depaul.edu.in//dignito.depaul.edu.in/" local="131294656422076615" remote="131554101000000000" Dst="0" />
<file name="sprite_prev.png" server="ftp.depaul.edu.in//dignito.depaul.edu.in/" local="131294656421906499" remote="131554101000000000" Dst="0" />
<file name="sprite_x.png" server="ftp.depaul.edu.in//dignito.depaul.edu.in/" local="131294656409027884" remote="131554101000000000" Dst="0" />
<file name="sprite_y.png" server="ftp.depaul.edu.in//dignito.depaul.edu.in/" local="131294656408877788" remote="131554101600000000" Dst="0" />
<file name="Thumbs.db" server="ftp.depaul.edu.in//dignito.depaul.edu.in/" local="131294656395879096" remote="131554101600000000" Dst="0" />
</dwsync>