<?xml version="1.0" encoding="utf-8" ?>
<dwsync>
<file name="Coding_D.jpg" server="ftp.depaul.edu.in//dignito.depaul.edu.in/" local="131536814374470756" remote="131554095600000000" Dst="0" />
<file name="Coding.jpg" server="ftp.depaul.edu.in//dignito.depaul.edu.in/" local="131536454562414625" remote="131554096200000000" Dst="0" />
<file name="dignito2018_schedule.pdf" server="ftp.depaul.edu.in//dignito.depaul.edu.in/" local="131554077896317067" remote="131554096200000000" Dst="0" />
<file name="Game.jpg" server="ftp.depaul.edu.in//dignito.depaul.edu.in/" local="131536455254820057" remote="131554096200000000" Dst="0" />
<file name="dignito2018_rulebook.pdf" server="ftp.depaul.edu.in//dignito.depaul.edu.in/" local="131556702793296005" remote="131556706800000000" Dst="0" />
<file name="Game_D.jpg" server="ftp.depaul.edu.in//dignito.depaul.edu.in/" local="131536757487346987" remote="131554096200000000" Dst="0" />
<file name="groupdance.jpg" server="ftp.depaul.edu.in//dignito.depaul.edu.in/" local="131536458505421839" remote="131554096200000000" Dst="0" />
<file name="groupdance_D.jpg" server="ftp.depaul.edu.in//dignito.depaul.edu.in/" local="131554085773929038" remote="131554096200000000" Dst="0" />
<file name="Hangama.jpg" server="ftp.depaul.edu.in//dignito.depaul.edu.in/" local="131536466232338184" remote="131554096800000000" Dst="0" />
<file name="Hangama_D.jpg" server="ftp.depaul.edu.in//dignito.depaul.edu.in/" local="131536802640253938" remote="131554096800000000" Dst="0" />
<file name="Hr.jpg" server="ftp.depaul.edu.in//dignito.depaul.edu.in/" local="131536455514802078" remote="131554096800000000" Dst="0" />
<file name="Isl.jpg" server="ftp.depaul.edu.in//dignito.depaul.edu.in/" local="131541676932333975" remote="131554096800000000" Dst="0" />
<file name="Hr_D.jpg" server="ftp.depaul.edu.in//dignito.depaul.edu.in/" local="131536764983110266" remote="131554096800000000" Dst="0" />
<file name="Isl_D.jpg" server="ftp.depaul.edu.in//dignito.depaul.edu.in/" local="131541685196204999" remote="131554097400000000" Dst="0" />
<file name="marketing_D.jpg" server="ftp.depaul.edu.in//dignito.depaul.edu.in/" local="131536764353709472" remote="131554097400000000" Dst="0" />
<file name="marketing.jpg" server="ftp.depaul.edu.in//dignito.depaul.edu.in/" local="131536455771989645" remote="131554097400000000" Dst="0" />
<file name="musicband.jpg" server="ftp.depaul.edu.in//dignito.depaul.edu.in/" local="131536458267678645" remote="131554097400000000" Dst="0" />
<file name="musicband_D.jpg" server="ftp.depaul.edu.in//dignito.depaul.edu.in/" local="131554089582573576" remote="131554097400000000" Dst="0" />
<file name="photo.jpg" server="ftp.depaul.edu.in//dignito.depaul.edu.in/" local="131541677849709276" remote="131554097400000000" Dst="0" />
<file name="photo_D.jpg" server="ftp.depaul.edu.in//dignito.depaul.edu.in/" local="131541682828346446" remote="131554097400000000" Dst="0" />
<file name="poetry_D.jpg" server="ftp.depaul.edu.in//dignito.depaul.edu.in/" local="131541684014858339" remote="131554098000000000" Dst="0" />
<file name="product.jpg" server="ftp.depaul.edu.in//dignito.depaul.edu.in/" local="131536457251519767" remote="131554098000000000" Dst="0" />
<file name="poetry.jpg" server="ftp.depaul.edu.in//dignito.depaul.edu.in/" local="131541678183937038" remote="131554098000000000" Dst="0" />
<file name="rjhunt.jpg" server="ftp.depaul.edu.in//dignito.depaul.edu.in/" local="131536457727993284" remote="131554098000000000" Dst="0" />
<file name="rjhunt_D.jpg" server="ftp.depaul.edu.in//dignito.depaul.edu.in/" local="131536780705534578" remote="131554098000000000" Dst="0" />
<file name="product_D.jpg" server="ftp.depaul.edu.in//dignito.depaul.edu.in/" local="131536792295791036" remote="131554098000000000" Dst="0" />
<file name="shortfilm.jpg" server="ftp.depaul.edu.in//dignito.depaul.edu.in/" local="131536457467929497" remote="131554098000000000" Dst="0" />
<file name="shortfilm_D.jpg" server="ftp.depaul.edu.in//dignito.depaul.edu.in/" local="131536789369211975" remote="131554098000000000" Dst="0" />
<file name="social.jpg" server="ftp.depaul.edu.in//dignito.depaul.edu.in/" local="131536456352238716" remote="131554098000000000" Dst="0" />
<file name="social_D.jpg" server="ftp.depaul.edu.in//dignito.depaul.edu.in/" local="131536770423917895" remote="131554098000000000" Dst="0" />
<file name="Street.jpg" server="ftp.depaul.edu.in//dignito.depaul.edu.in/" local="131536456683890785" remote="131554098000000000" Dst="0" />
<file name="Street_D.jpg" server="ftp.depaul.edu.in//dignito.depaul.edu.in/" local="131536776458581986" remote="131554098000000000" Dst="0" />
<file name="treasure_D.jpg" server="ftp.depaul.edu.in//dignito.depaul.edu.in/" local="131536803981622124" remote="131554098000000000" Dst="0" />
<file name="treasure.jpg" server="ftp.depaul.edu.in//dignito.depaul.edu.in/" local="131536458035900412" remote="131554098600000000" Dst="0" />
<file name="WEB.jpg" server="ftp.depaul.edu.in//dignito.depaul.edu.in/" local="131536454975565673" remote="131554098600000000" Dst="0" />
<file name="WEB_D.jpg" server="ftp.depaul.edu.in//dignito.depaul.edu.in/" local="131554092802368946" remote="131554098600000000" Dst="0" />
<file name="WordHunt_D.jpg" server="ftp.depaul.edu.in//dignito.depaul.edu.in/" local="131536815748136972" remote="131554098600000000" Dst="0" />
<file name="WordHunt.jpg" server="ftp.depaul.edu.in//dignito.depaul.edu.in/" local="131538011529363801" remote="131554098600000000" Dst="0" />
</dwsync>