<?xml version="1.0" encoding="utf-8" ?>
<dwsync>
<file name="btnNext.png" server="ftp.depaul.edu.in//dignito.depaul.edu.in/" local="131294656576369820" remote="131554101600000000" Dst="0" />
<file name="btnPrevious.png" server="ftp.depaul.edu.in//dignito.depaul.edu.in/" local="131294656575028926" remote="131554101600000000" Dst="0" />
<file name="contentPatternBottom.png" server="ftp.depaul.edu.in//dignito.depaul.edu.in/" local="131294656534031513" remote="131554101600000000" Dst="0" />
<file name="contentPatternLeft.png" server="ftp.depaul.edu.in//dignito.depaul.edu.in/" local="131294656530188928" remote="131554101600000000" Dst="0" />
<file name="contentPatternRight.png" server="ftp.depaul.edu.in//dignito.depaul.edu.in/" local="131294656520852688" remote="131554101600000000" Dst="0" />
<file name="contentPatternTop.png" server="ftp.depaul.edu.in//dignito.depaul.edu.in/" local="131294656516940082" remote="131554101600000000" Dst="0" />
<file name="default_thumbnail.gif" server="ftp.depaul.edu.in//dignito.depaul.edu.in/" local="131294656508094147" remote="131554101600000000" Dst="0" />
<file name="loader.gif" server="ftp.depaul.edu.in//dignito.depaul.edu.in/" local="131294656503941368" remote="131554101600000000" Dst="0" />
<file name="sprite.png" server="ftp.depaul.edu.in//dignito.depaul.edu.in/" local="131294656465725818" remote="131554101600000000" Dst="0" />
<file name="Thumbs.db" server="ftp.depaul.edu.in//dignito.depaul.edu.in/" local="131294656459911925" remote="131554101600000000" Dst="0" />
</dwsync>