<?xml version="1.0" encoding="utf-8" ?>
<dwsync>
<file name="about1.jpg" server="ftp.depaul.edu.in//dignito.depaul.edu.in/" local="131294653747968067" remote="131554095000000000" Dst="0" />
<file name="accordion_sprite.png" server="ftp.depaul.edu.in//dignito.depaul.edu.in/" local="131294653738271574" remote="131554095000000000" Dst="0" />
<file name="audio_type.png" server="ftp.depaul.edu.in//dignito.depaul.edu.in/" local="131294653735579784" remote="131554095000000000" Dst="0" />
<file name="bg_direction_nav.png" server="ftp.depaul.edu.in//dignito.depaul.edu.in/" local="131294653725312905" remote="131554095600000000" Dst="0" />
<file name="blog_bg.png" server="ftp.depaul.edu.in//dignito.depaul.edu.in/" local="131294653722561072" remote="131554095600000000" Dst="0" />
<file name="btn_menu.png" server="ftp.depaul.edu.in//dignito.depaul.edu.in/" local="131294653712284209" remote="131554095600000000" Dst="0" />
<file name="carousel_next.png" server="ftp.depaul.edu.in//dignito.depaul.edu.in/" local="131294653699375554" remote="131554095600000000" Dst="0" />
<file name="carousel_prev.png" server="ftp.depaul.edu.in//dignito.depaul.edu.in/" local="131294653686937249" remote="131554095600000000" Dst="0" />
<file name="corner_lt.png" server="ftp.depaul.edu.in//dignito.depaul.edu.in/" local="131294653709372242" remote="131554095600000000" Dst="0" />
<file name="corner_rb.png" server="ftp.depaul.edu.in//dignito.depaul.edu.in/" local="131294653661340137" remote="131554095600000000" Dst="0" />
<file name="corner_lb.png" server="ftp.depaul.edu.in//dignito.depaul.edu.in/" local="131294653674558959" remote="131554095600000000" Dst="0" />
<file name="corner_rt.png" server="ftp.depaul.edu.in//dignito.depaul.edu.in/" local="131294653655436170" remote="131554095600000000" Dst="0" />
<file name="error.png" server="ftp.depaul.edu.in//dignito.depaul.edu.in/" local="131294653642477501" remote="131554095600000000" Dst="0" />
<file name="distlogo.png" server="ftp.depaul.edu.in//dignito.depaul.edu.in/" local="131294653648381450" remote="131554095600000000" Dst="0" />
<file name="favicon.ico" server="ftp.depaul.edu.in//dignito.depaul.edu.in/" local="131294653629468813" remote="131554095600000000" Dst="0" />
<file name="i2.png" server="ftp.depaul.edu.in//dignito.depaul.edu.in/" local="131294653616520140" remote="131554098600000000" Dst="0" />
<file name="i3.png" server="ftp.depaul.edu.in//dignito.depaul.edu.in/" local="131294653616490134" remote="131554098600000000" Dst="0" />
<file name="i1.png" server="ftp.depaul.edu.in//dignito.depaul.edu.in/" local="131294653629598889" remote="131554098600000000" Dst="0" />
<file name="i4.png" server="ftp.depaul.edu.in//dignito.depaul.edu.in/" local="131294653603571495" remote="131554098600000000" Dst="0" />
<file name="i6.png" server="ftp.depaul.edu.in//dignito.depaul.edu.in/" local="131294653590372656" remote="131554098600000000" Dst="0" />
<file name="i5.png" server="ftp.depaul.edu.in//dignito.depaul.edu.in/" local="131294653603551466" remote="131554098600000000" Dst="0" />
<file name="i7.png" server="ftp.depaul.edu.in//dignito.depaul.edu.in/" local="131294653590342637" remote="131554099200000000" Dst="0" />
<file name="i8.png" server="ftp.depaul.edu.in//dignito.depaul.edu.in/" local="131294653577373976" remote="131554099200000000" Dst="0" />
<file name="i9.png" server="ftp.depaul.edu.in//dignito.depaul.edu.in/" local="131294653577023728" remote="131554099200000000" Dst="0" />
<file name="info.png" server="ftp.depaul.edu.in//dignito.depaul.edu.in/" local="131294653532363871" remote="131554099200000000" Dst="0" />
<file name="link_type.png" server="ftp.depaul.edu.in//dignito.depaul.edu.in/" local="131294653518864822" remote="131554099200000000" Dst="0" />
<file name="image_type.png" server="ftp.depaul.edu.in//dignito.depaul.edu.in/" local="131294653534965596" remote="131554099200000000" Dst="0" />
<file name="logo.png" server="ftp.depaul.edu.in//dignito.depaul.edu.in/" local="131538567237733652" remote="131554099200000000" Dst="0" />
<file name="opacity.png" server="ftp.depaul.edu.in//dignito.depaul.edu.in/" local="131294653506326447" remote="131554099200000000" Dst="0" />
<file name="photoset_type.png" server="ftp.depaul.edu.in//dignito.depaul.edu.in/" local="131294653505906160" remote="131554100400000000" Dst="0" />
<file name="points.png" server="ftp.depaul.edu.in//dignito.depaul.edu.in/" local="131294653463697935" remote="131554100400000000" Dst="0" />
<file name="post_even_arrow.png" server="ftp.depaul.edu.in//dignito.depaul.edu.in/" local="131294653462407064" remote="131554100400000000" Dst="0" />
<file name="post_odd_arrow.png" server="ftp.depaul.edu.in//dignito.depaul.edu.in/" local="131294653449438390" remote="131554100400000000" Dst="0" />
<file name="post_socials.png" server="ftp.depaul.edu.in//dignito.depaul.edu.in/" local="131294653450879351" remote="131554100400000000" Dst="0" />
<file name="post_type.png" server="ftp.depaul.edu.in//dignito.depaul.edu.in/" local="131294653436709874" remote="131554100400000000" Dst="0" />
<file name="required.png" server="ftp.depaul.edu.in//dignito.depaul.edu.in/" local="131294653424841936" remote="131554102200000000" Dst="0" />
<file name="search.png" server="ftp.depaul.edu.in//dignito.depaul.edu.in/" local="131294653424461691" remote="131554102200000000" Dst="0" />
<file name="section_header_shadow.png" server="ftp.depaul.edu.in//dignito.depaul.edu.in/" local="131294653411513043" remote="131554102200000000" Dst="0" />
<file name="video_type.png" server="ftp.depaul.edu.in//dignito.depaul.edu.in/" local="131294653386536318" remote="131554102200000000" Dst="0" />
<file name="zoom.png" server="ftp.depaul.edu.in//dignito.depaul.edu.in/" local="131294653411843259" remote="131554102200000000" Dst="0" />
<file name="social_icons.png" server="ftp.depaul.edu.in//dignito.depaul.edu.in/" local="131294653398994668" remote="131554102200000000" Dst="0" />
<file name="zoom_gallery.png" server="ftp.depaul.edu.in//dignito.depaul.edu.in/" local="131294653373817829" remote="131554102200000000" Dst="0" />
</dwsync>