<?xml version="1.0" encoding="utf-8" ?>
<dwsync>
<file name="1.png" server="ftp.depaul.edu.in//dignito.depaul.edu.in/" local="131294655859720506" remote="131554099200000000" Dst="0" />
<file name="10.png" server="ftp.depaul.edu.in//dignito.depaul.edu.in/" local="131294655852055363" remote="131554099200000000" Dst="0" />
<file name="11.png" server="ftp.depaul.edu.in//dignito.depaul.edu.in/" local="131294655840417575" remote="131554099200000000" Dst="0" />
<file name="12.png" server="ftp.depaul.edu.in//dignito.depaul.edu.in/" local="131294655832552324" remote="131554099200000000" Dst="0" />
<file name="14.png" server="ftp.depaul.edu.in//dignito.depaul.edu.in/" local="131294655810707724" remote="131554099200000000" Dst="0" />
<file name="13.png" server="ftp.depaul.edu.in//dignito.depaul.edu.in/" local="131294655824356834" remote="131554099200000000" Dst="0" />
<file name="15.png" server="ftp.depaul.edu.in//dignito.depaul.edu.in/" local="131294655802662343" remote="131554099800000000" Dst="0" />
<file name="16.png" server="ftp.depaul.edu.in//dignito.depaul.edu.in/" local="131294655794767045" remote="131554099800000000" Dst="0" />
<file name="17.png" server="ftp.depaul.edu.in//dignito.depaul.edu.in/" local="131294655775944463" remote="131554099800000000" Dst="0" />
<file name="18.png" server="ftp.depaul.edu.in//dignito.depaul.edu.in/" local="131294655783549559" remote="131554099800000000" Dst="0" />
<file name="19.png" server="ftp.depaul.edu.in//dignito.depaul.edu.in/" local="131294655756971783" remote="131554099800000000" Dst="0" />
<file name="2.png" server="ftp.depaul.edu.in//dignito.depaul.edu.in/" local="131294655755610873" remote="131554099800000000" Dst="0" />
<file name="20.png" server="ftp.depaul.edu.in//dignito.depaul.edu.in/" local="131294655734836969" remote="131554099800000000" Dst="0" />
<file name="21.png" server="ftp.depaul.edu.in//dignito.depaul.edu.in/" local="131294655719136463" remote="131554099800000000" Dst="0" />
<file name="22.png" server="ftp.depaul.edu.in//dignito.depaul.edu.in/" local="131294655712482014" remote="131554099800000000" Dst="0" />
<file name="23.png" server="ftp.depaul.edu.in//dignito.depaul.edu.in/" local="131294655700413936" remote="131554099800000000" Dst="0" />
<file name="24.png" server="ftp.depaul.edu.in//dignito.depaul.edu.in/" local="131294655696941621" remote="131554099800000000" Dst="0" />
<file name="25.png" server="ftp.depaul.edu.in//dignito.depaul.edu.in/" local="131294655681521303" remote="131554099800000000" Dst="0" />
<file name="27.png" server="ftp.depaul.edu.in//dignito.depaul.edu.in/" local="131294655642585259" remote="131554099800000000" Dst="0" />
<file name="26.png" server="ftp.depaul.edu.in//dignito.depaul.edu.in/" local="131294655681201089" remote="131554099800000000" Dst="0" />
<file name="3.png" server="ftp.depaul.edu.in//dignito.depaul.edu.in/" local="131294655640313742" remote="131554099800000000" Dst="0" />
<file name="4.png" server="ftp.depaul.edu.in//dignito.depaul.edu.in/" local="131294655621391102" remote="131554100400000000" Dst="0" />
<file name="5.png" server="ftp.depaul.edu.in//dignito.depaul.edu.in/" local="131294655623242320" remote="131554100400000000" Dst="0" />
<file name="6.png" server="ftp.depaul.edu.in//dignito.depaul.edu.in/" local="131294655602948766" remote="131554100400000000" Dst="0" />
<file name="6_5.png" server="ftp.depaul.edu.in//dignito.depaul.edu.in/" local="131294655563542397" remote="131554100400000000" Dst="0" />
<file name="7.png" server="ftp.depaul.edu.in//dignito.depaul.edu.in/" local="131294655547411602" remote="131554100400000000" Dst="0" />
<file name="9.png" server="ftp.depaul.edu.in//dignito.depaul.edu.in/" local="131294655503172014" remote="131554100400000000" Dst="0" />
<file name="8.png" server="ftp.depaul.edu.in//dignito.depaul.edu.in/" local="131294655522104674" remote="131554100400000000" Dst="0" />
<file name="Thumbs.db" server="ftp.depaul.edu.in//dignito.depaul.edu.in/" local="131294655574209544" remote="131554101000000000" Dst="0" />
</dwsync>